{"cameraMode":{"drawMode":0,"name":"Shaded","section":"Shading Mode"},"sceneLighting":false,"audioPlay":false,"sceneViewState":{"m_AlwaysRefresh":false,"showFog":true,"showSkybox":false,"showFlares":true,"showImageEffects":true,"showParticleSystems":true,"showVisualEffectGraphs":true,"m_FxEnabled":true},"in2DMode":false,"pivot":{"x":124.77942657470703,"y":95.04044342041016,"z":180.45281982421876},"rotation":{"x":0.09871400892734528,"y":0.4539749324321747,"z":-0.05097990483045578,"w":0.8842683434486389},"size":23.898906707763673,"orthographic":false}