{"cameraMode":{"drawMode":0,"name":"Shaded","section":"Shading Mode"},"sceneLighting":false,"audioPlay":false,"sceneViewState":{"m_AlwaysRefresh":false,"showFog":true,"showSkybox":false,"showFlares":true,"showImageEffects":true,"showParticleSystems":true,"showVisualEffectGraphs":true,"m_FxEnabled":true},"in2DMode":false,"pivot":{"x":-316.48150634765627,"y":0.7364697456359863,"z":19.374238967895509},"rotation":{"x":0.07227331399917603,"y":-0.33978235721588137,"z":0.02582021802663803,"w":0.9375353455543518},"size":7.071067810058594,"orthographic":false}